Timestamp,Accel_X,Accel_Y,Accel_Z,Roll,Pitch,Yaw,GravAcc_X,GravAcc_Y,GravAcc_Z,UserAcc_X,UserAcc_Y,UserAcc_Z,RotRate_X,RotRate_Y,RotRate_Z,MagHeading,TrueHeading,HeadingAccuracy,Lat,Long,LocAccuracy,Course,Speed,Altitude
462463526.671884,-0.055405,-0.552597,-1.000320,0.162699,0.993047,0.898828,0.088465,-0.837694,-0.538927,-0.130945,0.373903,-0.473585,-0.980118,0.017423,-0.506708,250.767349,251.864059,10.000000,28.709497,77.206412,5.000000,239.414062,1.190000,196.747559
462463526.705590,-0.050476,-0.273529,-0.932846,0.162699,0.993047,0.898828,0.088465,-0.837694,-0.538927,-0.130945,0.373903,-0.473585,-0.980118,0.017423,-0.506708,250.767349,251.864059,10.000000,28.709477,77.206361,10.000000,253.476562,0.250000,197.155701
462463526.738903,0.011673,-0.291382,-0.967987,0.162699,0.993047,0.898828,0.088465,-0.837694,-0.538927,-0.130945,0.373903,-0.473585,-0.980118,0.017423,-0.506708,250.767349,251.864059,10.000000,28.709477,77.206361,10.000000,253.476562,0.250000,197.155701
462463526.771438,-0.006805,-0.335999,-0.946503,0.162699,0.993047,0.898828,0.088465,-0.837694,-0.538927,-0.130945,0.373903,-0.473585,-0.980118,0.017423,-0.506708,250.767349,251.864059,10.000000,28.709477,77.206361,10.000000,253.476562,0.250000,197.155701
462463526.804978,0.071213,-0.292786,-0.916794,0.162699,0.993047,0.898828,0.088465,-0.837694,-0.538927,-0.130945,0.373903,-0.473585,-0.980118,0.017423,-0.506708,250.767349,251.864059,10.000000,28.709477,77.206361,10.000000,253.476562,0.250000,197.155701
462463526.838924,0.036499,-0.378983,-0.885895,0.162699,0.993047,0.898828,0.088465,-0.837694,-0.538927,-0.130945,0.373903,-0.473585,-0.980118,0.017423,-0.506708,250.767349,251.864059,10.000000,28.709477,77.206361,10.000000,253.476562,0.250000,197.155701
462463526.872277,0.116333,-0.401688,-0.861618,0.162699,0.993047,0.898828,0.088465,-0.837694,-0.538927,-0.130945,0.373903,-0.473585,-0.980118,0.017423,-0.506708,250.767349,251.864059,10.000000,28.709477,77.206361,10.000000,253.476562,0.250000,197.155701
462463526.905593,0.119217,-0.452454,-0.897842,-0.054174,0.283528,0.005746,-0.051986,-0.279744,-0.958666,0.267898,-0.194484,0.122118,-0.261405,-0.126443,-0.344641,250.767349,251.864059,10.000000,28.709477,77.206361,10.000000,253.476562,0.250000,197.155701
462463526.938359,0.432159,-0.539963,-0.849594,-0.052171,0.280056,0.001782,-0.050115,-0.276410,-0.959732,0.206762,-0.168231,0.057556,0.030657,0.153538,-0.071911,250.767349,251.864059,10.000000,28.709477,77.206361,10.000000,253.476562,0.250000,197.155701
462463526.972256,0.296432,-0.511703,-0.922180,-0.052317,0.281911,-0.003269,-0.050229,-0.278192,-0.959211,0.403302,-0.260474,0.075254,-0.089466,-0.244920,-0.099360,250.767349,251.864059,10.000000,28.709477,77.206361,10.000000,253.476562,0.250000,197.155701
462463527.005570,0.279297,-0.441727,-0.953827,-0.063847,0.273733,0.003054,-0.061428,-0.270328,-0.960807,0.290524,-0.146985,-0.036554,-0.257496,-0.267394,0.364412,250.767349,251.864059,10.000000,28.709477,77.206361,10.000000,253.476562,0.250000,197.155701
462463527.038963,0.214432,-0.406677,-1.062744,-0.072255,0.270562,0.017173,-0.069566,-0.267273,-0.961106,0.371659,-0.175720,0.023759,0.037530,-0.009670,0.384839,250.767349,251.864059,10.000000,28.709477,77.206361,10.000000,253.476562,0.250000,197.155701
462463527.072300,0.158295,-0.352539,-1.083740,-0.073868,0.264864,0.028160,-0.071227,-0.261778,-0.962496,0.285659,-0.144899,-0.100248,-0.376243,-0.057854,0.432179,250.767349,251.864059,10.000000,28.709477,77.206361,10.000000,253.476562,0.250000,197.155701
462463527.105665,0.281906,-0.357651,-1.143982,-0.087954,0.248734,0.047308,-0.085137,-0.246178,-0.965478,0.242806,-0.090218,-0.117072,-0.497042,-0.303813,0.687473,250.767349,251.864059,10.000000,28.709477,77.206361,10.000000,253.476562,0.250000,197.155701
462463527.138591,0.183716,-0.351868,-1.173416,-0.104130,0.234631,0.070571,-0.101094,-0.232484,-0.967332,0.387547,-0.119125,-0.190566,-0.202571,-0.242060,0.778171,250.767349,251.864059,10.000000,28.709477,77.206361,10.000000,253.476562,0.250000,197.155701
462463527.172218,0.164978,-0.302795,-1.208099,-0.112643,0.223834,0.105289,-0.109601,-0.221970,-0.968874,0.274579,-0.080826,-0.239225,-0.216061,0.070476,0.691992,250.767349,251.864059,10.000000,28.709477,77.206361,10.000000,253.476562,0.250000,197.155701
462463527.205629,0.034439,-0.293747,-1.257507,-0.108782,0.217738,0.122574,-0.106004,-0.216021,-0.970617,0.162538,-0.054227,-0.292246,0.080881,0.524737,0.298105,250.767349,251.864059,10.000000,28.709477,77.206361,10.000000,259.453125,0.000000,197.324585
462463527.238951,-0.133087,-0.268753,-1.268295,-0.094272,0.222955,0.124294,-0.091802,-0.221113,-0.970918,0.121526,-0.070880,-0.266600,0.400241,1.084800,-0.029562,250.767349,251.864059,10.000000,28.709477,77.206361,10.000000,259.453125,0.000000,197.324585
462463527.272283,-0.067017,-0.303406,-1.292084,-0.059727,0.232861,0.118844,-0.058081,-0.230762,-0.971275,-0.075006,-0.037991,-0.297020,0.144365,0.826867,-0.280274,330.520386,331.617096,10.000000,28.709477,77.206361,10.000000,259.453125,0.000000,197.324585
462463527.305632,0.173630,-0.347824,-1.129593,-0.042036,0.236003,0.095167,-0.040858,-0.233818,-0.971422,0.158580,-0.146584,-0.151885,0.115386,-0.311452,-0.426536,330.877563,331.974274,10.000000,28.709477,77.206361,10.000000,259.453125,0.000000,197.324585
462463527.338965,0.318268,-0.374405,-1.099030,-0.068985,0.241639,0.095826,-0.066927,-0.239294,-0.968638,0.249148,-0.049768,-0.189886,0.163153,-1.083453,0.273279,331.451141,332.547852,10.000000,28.709477,77.206361,10.000000,259.453125,0.000000,197.324585
462463527.372286,0.409424,-0.403778,-0.990845,-0.088853,0.242842,0.101556,-0.086132,-0.240462,-0.966829,0.404400,-0.133943,-0.132200,0.071261,-1.153836,0.342820,331.846619,332.943329,10.000000,28.709477,77.206361,10.000000,259.453125,0.000000,197.324585
462463527.405592,0.183594,-0.287354,-0.954742,-0.149106,0.236558,0.114487,-0.144417,-0.234358,-0.961364,0.434792,-0.050600,0.046645,-0.488970,-1.458917,0.419661,331.745758,332.842468,10.000000,28.709477,77.206361,10.000000,259.453125,0.000000,197.324585
462463527.438997,0.270187,-0.317856,-0.846054,-0.190826,0.235807,0.127002,-0.184421,-0.233627,-0.954677,0.373248,-0.085586,-0.001454,0.708223,-0.618458,0.252072,331.399445,332.496155,10.000000,28.709477,77.206361,10.000000,259.453125,0.000000,197.324585
462463527.472270,0.086838,-0.264938,-0.843155,-0.190302,0.274336,0.140994,-0.182082,-0.270908,-0.945227,0.400680,-0.022137,0.134986,1.284616,0.401445,0.292676,331.215546,332.312256,10.000000,28.709477,77.206361,10.000000,259.453125,0.000000,197.324585
462463527.505600,0.115341,-0.283844,-0.880508,-0.195057,0.295760,0.159081,-0.185407,-0.291467,-0.938441,0.176206,0.011529,-0.034932,0.396264,-0.443620,0.322368,331.268158,332.364868,10.000000,28.709477,77.206361,10.000000,259.453125,0.000000,197.324585
462463527.539007,-0.112900,-0.261887,-0.797501,-0.236289,0.293766,0.171728,-0.224068,-0.289559,-0.930564,0.298530,-0.012610,0.137549,-0.030766,-1.526670,0.527541,330.624451,331.721161,10.000000,28.709477,77.206361,10.000000,259.453125,0.000000,197.324585
462463527.572354,0.006989,-0.316391,-0.780487,-0.290038,0.303124,0.196927,-0.272950,-0.298504,-0.914546,0.193970,-0.005894,0.125956,0.979090,-1.196647,0.671055,328.419708,329.516418,10.000000,28.709477,77.206361,10.000000,259.453125,0.000000,197.324585
462463527.605701,-0.032181,-0.306198,-0.865601,-0.334952,0.328771,0.229642,-0.311117,-0.322880,-0.893842,0.318106,0.006489,0.113355,0.877717,-1.046471,0.670004,328.174072,329.270782,10.000000,28.709477,77.206361,10.000000,259.453125,0.000000,197.324585
462463527.639156,-0.049072,-0.365219,-0.643661,-0.376885,0.341197,0.255400,-0.346811,-0.334615,-0.876216,0.333230,0.009924,0.071452,0.548873,-0.901017,0.514758,326.995636,328.092346,10.000000,28.709477,77.206361,10.000000,259.453125,0.000000,197.324585
462463527.672421,-0.081223,-0.361099,-0.656158,-0.407406,0.348661,0.281641,-0.372388,-0.341640,-0.862908,0.318173,-0.028538,0.284660,0.521576,-0.612355,0.764219,326.552307,327.649017,10.000000,28.709477,77.206361,10.000000,259.453125,0.000000,197.324585
462463527.705754,-0.014420,-0.403427,-0.725357,-0.424126,0.353678,0.318366,-0.386053,-0.346350,-0.854988,0.304830,-0.014749,0.198830,0.476807,0.157251,0.974594,324.608154,325.704865,10.000000,28.709477,77.206361,10.000000,259.453125,0.000000,197.324585
462463527.739090,-0.173920,-0.356155,-0.766998,-0.424603,0.348164,0.349297,-0.387242,-0.341173,-0.856531,0.296193,-0.007476,0.144891,0.171229,0.373342,0.739520,323.699951,324.796661,10.000000,28.709477,77.206361,10.000000,259.453125,0.000000,197.324585
462463527.772445,-0.352661,-0.287231,-0.998199,-0.420631,0.351806,0.372874,-0.383326,-0.344594,-0.856922,0.209407,-0.011562,0.089924,0.473371,0.198816,0.717948,322.436707,323.533417,10.000000,28.709477,77.206361,10.000000,259.453125,0.000000,197.324585
462463527.805870,-0.088791,-0.417603,-1.007401,-0.457482,0.330915,0.393964,-0.417727,-0.324909,-0.848492,0.171053,0.003665,-0.201129,-0.139295,-0.572314,-0.314856,320.612366,321.709076,10.000000,28.709477,77.206361,10.000000,259.453125,0.000000,197.324585
462463527.838984,-0.423340,-0.464539,-1.070786,-0.455607,0.337168,0.373409,-0.415233,-0.330816,-0.847433,0.090465,-0.163874,-0.071238,-0.213003,-0.202192,-0.467950,320.338776,321.435486,10.000000,28.709477,77.206361,10.000000,259.453125,0.000000,197.324585
462463527.872410,-0.024536,-0.597641,-1.077850,-0.461821,0.333573,0.376732,-0.421018,-0.327421,-0.845896,0.141111,-0.124606,-0.296316,-0.083205,0.050429,0.501669,321.979919,323.076630,10.000000,28.709477,77.206361,10.000000,259.453125,0.000000,197.324585
462463527.905746,-0.227463,-0.796127,-0.964661,-0.451897,0.310962,0.366220,-0.415730,-0.305974,-0.856474,0.301121,-0.343425,-0.147798,-1.049386,0.116235,-0.548017,322.193726,323.290436,10.000000,28.709477,77.206361,10.000000,259.453125,0.000000,197.324585
462463527.939461,-0.469925,-0.447601,-1.029999,-0.445264,0.298254,0.338595,-0.411681,-0.293852,-0.862653,0.044707,-0.325793,-0.008777,-0.478986,-0.363142,0.010133,322.278198,323.374908,10.000000,28.709477,77.206361,10.000000,259.453125,0.000000,197.324585
462463527.972411,0.171631,-0.663116,-0.954773,-0.465558,0.275697,0.344612,-0.431968,-0.272218,-0.859826,0.212348,-0.229979,-0.168753,-0.630058,-0.380370,0.325138,322.416321,323.513031,10.000000,28.709477,77.206361,10.000000,259.453125,0.000000,197.324585
462463528.005745,-0.153656,-0.352753,-0.849838,-0.464728,0.266588,0.337232,-0.432348,-0.263442,-0.862365,0.504247,-0.243577,0.002166,-0.147649,0.062601,-0.184341,322.067413,323.164124,10.000000,28.709477,77.206361,10.000000,259.453125,0.000000,197.324585
462463528.039080,-0.278519,-0.330154,-0.898163,-0.460990,0.279386,0.336343,-0.427586,-0.275765,-0.860885,0.066014,-0.027152,-0.107209,0.564067,0.137574,-0.247970,322.323303,323.420013,10.000000,28.709477,77.206361,10.000000,259.453125,0.000000,197.324585
462463528.072411,-0.360519,-0.254669,-0.733765,-0.459435,0.292131,0.324775,-0.424654,-0.287994,-0.858329,0.134173,-0.039200,-0.013665,-0.027624,-0.233988,-0.684340,321.815277,322.911987,10.000000,28.709477,77.206361,10.000000,259.453125,0.000000,197.324585
462463528.105804,-0.323578,-0.267059,-0.693481,-0.459137,0.306835,0.295101,-0.422476,-0.302043,-0.854567,0.078588,0.023204,0.156966,0.118972,-0.146505,-1.172103,322.437164,323.533875,10.000000,28.709477,77.206361,10.000000,259.453125,0.000000,197.324585
462463528.139048,-0.338455,-0.271042,-0.727066,-0.452041,0.324262,0.263824,-0.414039,-0.318609,-0.852678,0.075583,0.047567,0.125612,0.007138,0.097020,-0.494607,323.360382,324.457092,10.000000,28.709477,77.206361,10.000000,259.453125,0.000000,197.324585
462463528.172287,-0.149063,-0.449722,-0.692734,-0.438655,0.336351,0.242792,-0.400923,-0.330045,-0.854594,0.325514,-0.089816,0.152308,0.148339,0.363728,-0.978097,325.144531,326.241241,10.000000,28.709475,77.206364,10.000000,87.187500,0.670000,197.263184
462463528.205686,-0.210632,-0.443222,-0.734787,-0.416797,0.347293,0.220744,-0.380664,-0.340354,-0.859799,0.170032,-0.102868,0.125012,-0.067732,0.425019,-0.272741,327.207245,328.303955,10.000000,28.709475,77.206364,10.000000,87.187500,0.670000,197.263184
462463528.238970,-0.047379,-0.481323,-0.838882,-0.400254,0.348025,0.223085,-0.366292,-0.341042,-0.865749,0.151555,-0.048943,0.055416,0.169742,0.598534,0.010392,328.183289,329.279999,10.000000,28.709475,77.206364,10.000000,87.187500,0.670000,197.263184
462463528.272312,-0.211502,-0.470383,-0.974487,-0.383568,0.349288,0.218267,-0.351634,-0.342229,-0.871340,0.266581,-0.218592,-0.034743,-0.298687,0.314404,-0.045258,328.356995,329.453705,10.000000,28.709475,77.206364,10.000000,87.187500,0.670000,197.263184
462463528.305641,-0.050720,-0.508209,-1.042755,-0.370615,0.340037,0.227939,-0.341451,-0.333522,-0.878735,0.073933,-0.067769,-0.174534,0.124644,0.892487,0.539052,328.267395,329.364105,10.000000,28.709475,77.206364,10.000000,87.187500,0.670000,197.263184
462463528.338578,0.056870,-0.602493,-1.153046,-0.331544,0.337520,0.242687,-0.307138,-0.331148,-0.892192,0.336115,-0.253859,-0.188984,-0.126357,1.386282,0.412650,326.924469,328.021179,10.000000,28.709475,77.206364,10.000000,87.187500,0.670000,197.263184
462463528.372310,-0.026840,-0.419617,-1.168945,-0.317698,0.331269,0.250288,-0.295397,-0.325243,-0.898308,0.319445,-0.209547,-0.284965,-0.237783,0.800075,0.620165,326.329285,327.425995,10.000000,28.709475,77.206364,10.000000,87.187500,0.670000,197.263184
462463528.405640,-0.152100,-0.312668,-1.169769,-0.330699,0.312576,0.265804,-0.308971,-0.307510,-0.899986,0.318324,-0.119888,-0.271019,-0.493128,-0.605642,0.088088,324.630371,325.727081,10.000000,28.709475,77.206364,10.000000,87.187500,0.670000,197.263184
462463528.438992,-0.209351,-0.308640,-1.124207,-0.331986,0.303263,0.264898,-0.311048,-0.298636,-0.902256,0.107206,0.000784,-0.236676,0.012987,0.476682,0.039690,322.178101,323.274811,10.000000,28.709475,77.206364,10.000000,87.187500,0.670000,197.263184
462463528.472377,-0.134567,-0.361649,-1.142548,-0.303712,0.318733,0.267212,-0.284002,-0.313364,-0.906171,0.190359,-0.059714,-0.200335,0.720570,1.019586,-0.187237,321.838196,322.934906,10.000000,28.709475,77.206364,10.000000,87.187500,0.670000,197.263184
462463528.505649,-0.197525,-0.287292,-1.031631,-0.289272,0.339418,0.267161,-0.268981,-0.332939,-0.903771,0.091368,0.007423,-0.204582,0.429242,-0.155645,-0.119191,322.667633,323.764343,10.000000,28.709475,77.206364,10.000000,87.187500,0.670000,197.263184
462463528.539006,-0.100052,-0.368134,-0.938019,-0.308983,0.347627,0.265565,-0.285900,-0.340668,-0.895660,0.131969,0.013993,-0.102418,0.225682,-0.697676,-0.212948,323.512543,324.609253,10.000000,28.709475,77.206364,10.000000,87.187500,0.670000,197.263184
462463528.572343,-0.024536,-0.316376,-0.799255,-0.312837,0.374406,0.262208,-0.286439,-0.365719,-0.885552,0.262178,-0.035297,0.103875,1.227039,0.271741,-0.300356,322.991821,324.088531,10.000000,28.709475,77.206364,10.000000,87.187500,0.670000,197.263184
462463528.605656,0.095413,-0.470657,-0.760849,-0.298866,0.417290,0.275511,-0.269171,-0.405285,-0.873665,0.216254,0.115444,0.039269,1.349482,0.578347,-0.012108,323.362549,324.459259,10.000000,28.709475,77.206364,10.000000,87.187500,0.670000,197.263184
462463528.639042,0.104202,-0.420792,-0.592621,-0.282184,0.451321,0.274299,-0.250573,-0.436154,-0.864282,0.345986,-0.034503,0.103433,0.700648,0.160601,-0.413074,322.966858,324.063568,10.000000,28.709475,77.206364,10.000000,87.187500,0.670000,197.263184
462463528.672517,0.026382,-0.468262,-0.738480,-0.285712,0.465696,0.278287,-0.251827,-0.449045,-0.857288,0.138073,0.085672,0.256778,0.283742,0.220259,0.276123,322.788818,323.885529,10.000000,28.709475,77.206364,10.000000,87.187500,0.670000,197.263184
462463528.705692,0.014969,-0.568283,-0.688553,-0.265897,0.471839,0.295003,-0.234063,-0.454525,-0.859431,0.337166,-0.047107,0.174967,0.309255,1.113872,0.330855,321.052338,322.149048,10.000000,28.709475,77.206364,10.000000,87.187500,0.670000,197.263184
462463528.739022,-0.124130,-0.483109,-0.720779,-0.230464,0.471945,0.299267,-0.203459,-0.454619,-0.867136,0.218428,-0.113664,0.178584,-0.216724,1.130702,0.055821,319.761627,320.858337,10.000000,28.709475,77.206364,10.000000,87.187500,0.670000,197.263184
462463528.772359,-0.136612,-0.534805,-0.804657,-0.203969,0.459241,0.304974,-0.181571,-0.443268,-0.877807,-0.006067,0.022537,0.182678,-0.413672,0.815970,0.239237,318.738129,319.834839,10.000000,28.709475,77.206364,10.000000,87.187500,0.670000,197.263184
462463528.805693,-0.178009,-0.480209,-0.797806,-0.170909,0.430935,0.276755,-0.154529,-0.417720,-0.895338,0.060596,-0.182103,0.130598,-0.934539,-0.068890,-0.644108,318.755798,319.852509,10.000000,28.709475,77.206364,10.000000,87.187500,0.670000,197.263184
462463528.838968,-0.150497,-0.489380,-0.911743,-0.167526,0.398827,0.262196,-0.153657,-0.388338,-0.908616,0.003159,-0.101042,-0.003127,-0.951018,0.176774,-0.169650,319.498657,320.595367,10.000000,28.709475,77.206364,10.000000,87.187500,0.670000,197.263184
462463528.872343,0.144760,-0.656647,-0.749344,-0.147185,0.375384,0.239310,-0.136442,-0.366630,-0.920308,0.311064,-0.357278,0.191395,-0.892914,0.273371,-0.635000,319.470673,320.567383,10.000000,28.709475,77.206364,10.000000,87.187500,0.670000,197.263184
462463528.905691,0.126389,-0.458130,-0.942627,-0.144038,0.341171,0.231758,-0.135267,-0.334591,-0.932605,0.121565,-0.133991,-0.001874,-1.066209,-0.018966,0.302480,320.227173,321.323883,10.000000,28.709475,77.206364,10.000000,87.187500,0.670000,197.263184
462463528.938984,0.291611,-0.550690,-0.812439,-0.138476,0.317887,0.231021,-0.131118,-0.312561,-0.940805,0.340744,-0.227295,0.074838,-0.550663,0.179862,-0.165273,318.701660,319.798370,10.000000,28.709475,77.206364,10.000000,87.187500,0.670000,197.263184
462463528.972450,-0.014297,-0.177750,-1.045273,-0.140914,0.304453,0.221498,-0.133989,-0.299771,-0.944555,0.113252,0.039380,0.004095,-0.347700,-0.359149,-0.268153,320.157715,321.254425,10.000000,28.709475,77.206364,10.000000,87.187500,0.670000,197.263184
462463529.005762,0.046494,-0.343506,-0.838776,-0.143862,0.310382,0.202900,-0.136515,-0.305423,-0.942380,0.264079,0.082156,0.014798,0.275658,-0.212473,-0.982228,320.579895,321.676605,10.000000,28.709475,77.206364,10.000000,87.187500,0.670000,197.263184
462463529.039031,-0.094635,-0.291138,-0.799408,-0.128984,0.321622,0.176423,-0.122031,-0.316105,-0.940843,0.036063,0.019383,0.110200,0.128874,0.261936,-0.528125,321.843201,322.939911,10.000000,28.709475,77.206364,10.000000,87.187500,0.670000,197.263184
462463529.072427,0.131134,-0.552887,-0.797195,-0.116365,0.317291,0.167688,-0.110307,-0.311994,-0.943659,0.015672,0.020857,0.144251,-0.354211,0.429325,-0.166256,323.062866,324.159576,10.000000,28.709475,77.206364,10.000000,87.187500,0.670000,197.263184
462463529.104730,0.126663,-0.485153,-0.962097,-0.085663,0.302470,0.161437,-0.081674,-0.297879,-0.951103,0.263971,-0.267169,0.160484,-0.505575,1.278514,-0.078271,323.343018,324.439728,10.000000,28.709475,77.206364,10.000000,87.187500,0.670000,197.263184
462463529.139176,0.084152,-0.575211,-1.045212,-0.028505,0.287272,0.160224,-0.027333,-0.283337,-0.958631,0.182255,-0.222416,-0.109484,-0.585597,1.935603,-0.050049,322.607147,323.703857,10.000000,28.709475,77.206364,10.000000,87.187500,0.670000,197.263184
462463529.172355,0.021530,-0.498932,-1.080978,0.017992,0.249422,0.152970,0.017434,-0.246844,-0.968898,0.004096,-0.252088,-0.112080,-1.036235,-0.113513,-0.130677,323.272247,324.368958,10.000000,28.709474,77.206372,10.000000,94.218750,0.710000,197.377747
462463529.205943,0.067688,-0.430374,-1.229568,-0.000283,0.208477,0.159732,-0.000277,-0.206970,-0.978347,0.095553,-0.190140,-0.304261,-1.300493,-0.434424,0.437815,322.987274,324.083984,10.000000,28.709474,77.206372,10.000000,94.218750,0.710000,197.377747
462463529.239104,0.350479,-0.384964,-1.097885,-0.001418,0.176105,0.183941,-0.001396,-0.175196,-0.984533,0.211158,-0.246282,-0.152705,-0.719811,0.396257,0.889047,321.701660,322.798370,10.000000,28.709474,77.206372,10.000000,94.218750,0.710000,197.377747
462463529.272435,0.435654,-0.382858,-1.073105,0.001732,0.168311,0.198592,0.001708,-0.167518,-0.985868,0.348771,-0.217446,-0.112018,-0.374097,0.279313,0.885535,320.764130,321.860840,10.000000,28.709474,77.206372,10.000000,94.218750,0.710000,197.377747
462463529.305729,0.409317,-0.147491,-1.080017,-0.015830,0.162515,0.252984,-0.015621,-0.161800,-0.986700,0.443050,-0.061909,-0.079722,0.074118,-0.258594,1.411613,320.380402,321.477112,10.000000,28.709474,77.206372,10.000000,94.218750,0.710000,197.377747
462463529.338365,0.420364,-0.229065,-0.900452,-0.023837,0.176190,0.290324,-0.023465,-0.175280,-0.984239,0.449842,0.012499,-0.030181,0.929876,0.181367,0.661011,317.528778,318.625488,10.000000,28.709474,77.206372,10.000000,94.218750,0.710000,197.377747
462463529.371443,0.167450,-0.085754,-0.993668,-0.017407,0.212971,0.295193,-0.017013,-0.211365,-0.977259,0.328155,0.032364,0.075297,0.996576,0.150799,0.064011,315.931183,317.027893,10.000000,28.709474,77.206372,10.000000,94.218750,0.710000,197.377747
462463529.405566,0.091156,-0.098923,-1.014145,-0.001551,0.236010,0.305817,-0.001508,-0.233825,-0.972278,-0.019137,0.247298,-0.156125,0.785464,1.115030,0.268736,313.873901,314.970612,10.000000,28.709474,77.206372,10.000000,94.218750,0.710000,197.377747
462463529.438932,0.169052,-0.356430,-1.012695,0.062987,0.275365,0.293862,0.060574,-0.271898,-0.960418,0.259952,-0.018415,0.099105,1.308573,2.202188,-0.676302,313.306091,314.402802,10.000000,28.709474,77.206372,10.000000,94.218750,0.710000,197.377747
462463529.472007,0.105072,-0.353012,-1.138123,0.122569,0.300598,0.264686,0.116780,-0.296092,-0.947994,-0.022450,-0.049794,-0.167424,0.592766,1.025652,-0.749351,314.083466,315.180176,10.000000,28.709474,77.206372,10.000000,94.218750,0.710000,197.377747
462463529.505577,0.255753,-0.542007,-1.032837,0.151490,0.311357,0.241829,0.143655,-0.306350,-0.941017,0.057501,-0.113007,-0.132347,0.330251,0.481706,-0.569033,314.663788,315.760498,10.000000,28.709474,77.206372,10.000000,94.218750,0.710000,197.377747
462463529.538902,0.179672,-0.653381,-1.064651,0.165707,0.322605,0.212891,0.156440,-0.317038,-0.935421,0.054390,-0.342767,-0.079334,0.581075,-0.066212,-0.914244,315.260284,316.356995,10.000000,28.709474,77.206372,10.000000,94.218750,0.710000,197.377747
462463529.572233,0.122467,-0.587311,-0.984039,0.155625,0.334488,0.182198,0.146408,-0.328286,-0.933163,-0.033783,-0.277992,-0.127521,0.363809,-1.170744,-0.648692,317.789978,318.886688,10.000000,28.709474,77.206372,10.000000,94.218750,0.710000,197.377747
462463529.605585,0.263123,-0.536789,-0.831848,0.073208,0.327336,0.182183,0.069259,-0.321522,-0.944366,0.169968,-0.207103,0.056899,-0.733488,-3.400650,0.459508,318.714386,319.811096,10.000000,28.709474,77.206372,10.000000,94.218750,0.710000,197.377747
462463529.638943,0.140228,-0.517807,-0.410873,-0.007164,0.311437,0.180066,-0.006819,-0.306426,-0.951870,0.270781,-0.287232,0.175304,-0.181392,-1.654443,-0.683425,318.675903,319.772614,10.000000,28.709474,77.206372,10.000000,94.218750,0.710000,197.377747
462463529.672278,-0.166351,-0.280746,-0.646362,-0.040612,0.305177,0.156600,-0.038725,-0.300462,-0.953007,-0.031969,-0.060027,0.428792,-0.465042,-1.050368,-0.419545,320.295715,321.392426,10.000000,28.709474,77.206372,10.000000,94.218750,0.710000,197.377747
462463529.705620,0.357285,-0.359879,-0.589188,-0.047941,0.283090,0.147502,-0.046015,-0.279324,-0.959094,0.071528,-0.090793,0.228579,-0.661438,0.345836,0.018893,321.323792,322.420502,10.000000,28.709474,77.206372,10.000000,94.218750,0.710000,197.377747
462463529.738957,0.652161,-0.418106,-0.804581,-0.040577,0.262285,0.171638,-0.039179,-0.259288,-0.965005,0.412424,-0.002873,0.379556,-0.518618,0.182880,0.858549,321.591705,322.688416,10.000000,28.709474,77.206372,10.000000,94.218750,0.710000,197.377747
462463529.772287,0.183365,-0.046082,-0.917618,-0.024887,0.260246,0.172143,-0.024047,-0.257318,-0.966028,0.676207,-0.160788,0.161447,0.048100,0.859492,-0.393172,320.632843,321.729553,10.000000,28.709474,77.206372,10.000000,94.218750,0.710000,197.377747
462463529.805618,0.312119,-0.203598,-1.140656,0.017044,0.254404,0.182533,0.016495,-0.251669,-0.967673,0.166870,0.205587,0.050055,-0.084903,1.894154,0.860673,320.328156,321.424866,10.000000,28.709474,77.206372,10.000000,94.218750,0.710000,197.377747
462463529.838963,0.189255,-0.405106,-1.090454,0.103585,0.269171,0.165747,0.099677,-0.265933,-0.958824,0.426324,-0.399488,-0.167793,0.393353,0.400879,-1.160681,320.047668,321.144379,10.000000,28.709474,77.206372,10.000000,94.218750,0.710000,197.377747
462463529.872286,0.255676,-0.302383,-1.304245,0.096318,0.268057,0.164562,0.092735,-0.264858,-0.959818,-0.289955,0.144848,-0.286551,-0.452237,-0.229687,0.649664,320.433899,321.530609,10.000000,28.709474,77.206372,10.000000,94.218750,0.710000,197.377747
462463529.905618,0.631271,-0.604538,-0.985703,0.107427,0.249120,0.189043,0.103911,-0.246552,-0.963543,0.458849,-0.267731,-0.195454,-0.520432,0.862988,0.430326,319.035675,320.132385,10.000000,28.709474,77.206372,10.000000,94.218750,0.710000,197.377747
462463529.939037,0.357498,-0.210922,-1.073883,0.121102,0.244365,0.196845,0.117217,-0.241941,-0.963185,0.323060,-0.216601,0.122609,-0.081362,0.058682,0.259912,318.672607,319.769318,10.000000,28.709474,77.206372,10.000000,94.218750,0.710000,197.377747
462463529.972285,0.561920,-0.149658,-0.795181,0.094296,0.236510,0.231213,0.091535,-0.234312,-0.967843,0.320132,0.108091,-0.036292,-0.350476,-0.815091,1.611035,316.996124,318.092834,10.000000,28.709474,77.206372,10.000000,94.218750,0.710000,197.377747
462463530.005694,0.678497,-0.216003,-0.768112,0.053011,0.242403,0.294659,0.051437,-0.240036,-0.969400,0.591156,0.068176,0.219873,0.238164,-1.011575,1.850518,313.781311,314.878021,10.000000,28.709474,77.206372,10.000000,94.218750,0.710000,197.377747
462463530.038956,0.111313,0.053375,-0.854523,0.009234,0.268437,0.362451,0.008903,-0.265225,-0.964145,0.443886,0.022976,0.123890,1.288096,-0.297430,2.699347,311.280182,312.376892,10.000000,28.709474,77.206372,10.000000,94.218750,0.710000,197.377747
462463530.072177,0.543747,-0.563049,-0.891174,-0.003035,0.321500,0.469742,-0.002879,-0.315990,-0.948758,0.054393,0.376598,0.074231,1.767404,0.619739,2.724373,305.355682,306.452393,10.000000,28.709474,77.206372,10.000000,94.218750,0.710000,197.377747
462463530.105607,0.085449,-0.216751,-0.884232,-0.039275,0.381009,0.525692,-0.036449,-0.371857,-0.927574,0.432491,-0.145492,0.117729,1.567110,-1.254967,1.531253,302.702759,303.799469,10.000000,28.709474,77.206372,10.000000,94.218750,0.710000,197.377747
462463530.138869,0.037964,-0.388916,-0.956924,-0.099713,0.406150,0.609491,-0.091450,-0.395075,-0.914086,-0.278011,0.415873,-0.193931,1.019998,0.097633,2.233412,295.281036,296.377747,10.000000,28.709474,77.206372,10.000000,94.218750,0.710000,197.377747
462463530.172262,-0.756241,-0.396973,-1.011612,-0.082751,0.462547,0.636328,-0.073971,-0.446229,-0.891857,-0.345371,-0.078002,0.002513,0.647978,-0.574204,-0.639567,293.382568,294.479279,10.000000,28.709472,77.206379,10.000000,98.085938,0.710000,197.503723
462463530.205568,-0.430984,-0.412628,-1.168503,-0.060270,0.490701,0.588711,-0.053126,-0.471244,-0.880401,-0.377859,0.058616,-0.288102,1.059853,1.080185,-1.631368,292.731659,293.828369,10.000000,28.709472,77.206379,10.000000,98.085938,0.710000,197.503723
462463530.238897,0.130737,-0.774521,-0.598419,0.001411,0.522629,0.540806,0.001223,-0.499160,-0.866509,0.060865,-0.203935,0.075249,0.597745,0.234439,-0.924955,294.851593,295.948303,10.000000,28.709472,77.206379,10.000000,98.085938,0.710000,197.503723
462463530.272243,0.428131,-0.918991,-0.567963,-0.010050,0.523874,0.530190,-0.008702,-0.500238,-0.865844,0.191212,-0.355215,0.331756,-0.189530,-1.533710,-0.399721,296.967743,298.064453,10.000000,28.709472,77.206379,10.000000,98.085938,0.710000,197.503723
462463530.305576,0.381729,-0.831665,-0.367722,-0.112021,0.479169,0.552209,-0.099197,-0.461042,-0.881817,0.480927,-0.370623,0.514095,-0.990726,-1.570700,0.924358,297.907196,299.003906,10.000000,28.709472,77.206379,10.000000,98.085938,0.710000,197.503723
462463530.338905,0.313141,-0.633911,-0.509903,-0.165422,0.462720,0.578792,-0.147353,-0.446383,-0.882626,0.565154,-0.227307,0.410321,0.134470,-0.826306,0.410687,296.883728,297.980438,10.000000,28.709472,77.206379,10.000000,98.085938,0.710000,197.503723
462463530.372242,0.071854,-0.377945,-0.580521,-0.179940,0.468440,0.592382,-0.159691,-0.451494,-0.877868,0.264321,-0.159147,0.269088,0.012432,0.164277,0.795174,296.527069,297.623779,10.000000,28.709472,77.206379,10.000000,98.085938,0.710000,197.503723
462463530.405575,0.657654,-0.545944,-0.520676,-0.183321,0.460178,0.616039,-0.163332,-0.444108,-0.880960,0.235186,0.066163,0.300440,-0.410902,0.518105,1.636334,295.282715,296.379425,10.000000,28.709472,77.206379,10.000000,98.085938,0.710000,197.503723
462463530.438908,0.460739,-0.611099,-0.596985,-0.189144,0.431801,0.699136,-0.170761,-0.418507,-0.892016,0.745453,-0.243785,0.339312,0.246688,0.576852,1.029540,290.684753,291.781464,10.000000,28.709472,77.206379,10.000000,98.085938,0.710000,197.503723
462463530.472242,-0.033340,-0.274826,-0.854736,-0.197161,0.420493,0.753529,-0.178822,-0.408210,-0.895202,0.343541,0.045402,0.143524,-0.414956,0.417045,2.227805,289.048218,290.144928,10.000000,28.709472,77.206379,10.000000,98.085938,0.710000,197.503723
462463530.505566,0.127518,-0.697861,-0.817688,-0.213408,0.376313,0.829320,-0.196972,-0.367494,-0.908928,0.274273,-0.092818,0.056481,-0.995260,0.267477,2.000375,285.423645,286.520355,10.000000,28.709472,77.206379,10.000000,98.085938,0.710000,197.503723
462463530.538914,-0.297592,-0.486008,-0.957275,-0.241310,0.352580,0.863131,-0.224274,-0.345320,-0.911293,0.351792,-0.352541,0.093605,-0.185565,-0.984607,0.820971,280.680359,281.777069,10.000000,28.709472,77.206379,10.000000,98.085938,0.710000,197.503723
462463530.572245,-0.362534,-0.535217,-1.067673,-0.276828,0.336328,0.895136,-0.257993,-0.330023,-0.908033,-0.339999,-0.088114,-0.306292,-0.434798,-0.406549,1.292778,279.486511,280.583221,10.000000,28.709472,77.206379,10.000000,98.085938,0.710000,197.503723
462463530.605594,-0.121796,-0.748413,-0.863327,-0.279970,0.290897,0.938023,-0.264717,-0.286812,-0.920687,-0.036979,-0.282707,-0.009138,-1.323930,0.690817,1.717919,276.733307,277.830017,10.000000,28.709472,77.206379,10.000000,98.085938,0.710000,197.503723
462463530.639027,-0.132080,-0.594147,-0.984573,-0.261924,0.244369,0.979925,-0.251246,-0.241945,-0.937197,0.129451,-0.506469,0.073870,-0.760077,1.116425,1.691147,272.956268,274.052979,10.000000,28.709472,77.206379,10.000000,98.085938,0.710000,197.503723
462463530.672276,-0.083328,-0.357880,-1.000900,-0.230845,0.212103,1.046102,-0.223673,-0.210517,-0.951658,-0.079260,-0.117364,-0.093004,-0.453596,1.430398,2.580983,270.447357,271.544067,10.000000,28.709472,77.206379,10.000000,98.085938,0.710000,197.503723
462463530.705624,0.252151,-0.357071,-0.886566,-0.215829,0.171015,1.128270,-0.211033,-0.170183,-0.962550,0.225269,-0.194441,-0.049626,-0.750514,0.395877,2.567062,264.574615,265.671326,10.000000,28.709472,77.206379,10.000000,98.085938,0.710000,197.503723
462463530.738938,0.058273,-0.168579,-1.039169,-0.229292,0.142259,1.203551,-0.224992,-0.141780,-0.963990,0.477144,-0.215291,0.077424,-0.260170,-0.107801,2.655131,259.367523,260.464233,10.000000,28.709472,77.206379,10.000000,98.085938,0.710000,197.503723
462463530.772231,0.292160,-0.271896,-0.933777,-0.237675,0.105029,1.300412,-0.234146,-0.104836,-0.966532,0.203522,-0.043037,-0.159063,-0.370128,0.144539,3.150768,252.869690,253.966400,10.000000,28.709472,77.206379,10.000000,98.085938,0.710000,197.503723
462463530.805645,-0.051498,-0.021545,-1.267349,-0.243533,0.112446,1.376409,-0.239610,-0.112210,-0.964363,0.611879,-0.174915,0.007850,1.476585,-0.030711,1.807516,249.875946,250.972656,10.000000,28.709472,77.206379,10.000000,98.085938,0.710000,197.503723
462463530.838889,0.027069,-0.077850,-1.066635,-0.277771,0.133988,1.508571,-0.271755,-0.133588,-0.953050,0.141002,0.142132,-0.293960,0.836059,-0.429394,2.430028,244.885086,245.981796,10.000000,28.709472,77.206379,10.000000,98.085938,0.710000,197.503723
462463530.872222,-0.033340,-0.231262,-0.938553,-0.294565,0.145992,1.550325,-0.287235,-0.145474,-0.946749,0.464024,-0.111835,0.068316,0.556289,-0.191213,0.197743,240.243118,241.339828,10.000000,28.709472,77.206379,10.000000,98.085938,0.710000,197.503723
462463530.905556,-0.620712,-0.137238,-0.883423,-0.285670,0.164402,1.544703,-0.278001,-0.163662,-0.946536,-0.242949,0.001416,-0.046888,0.503644,0.589708,-0.454895,239.056519,240.153229,10.000000,28.709472,77.206379,10.000000,98.085938,0.710000,197.503723
462463530.938869,-0.345734,-0.246872,-0.918106,-0.252489,0.179319,1.542230,-0.245809,-0.178360,-0.952767,-0.236934,-0.009507,0.056771,0.325471,1.226538,0.051030,238.317169,239.413879,10.000000,28.709472,77.206379,10.000000,98.085938,0.710000,197.503723
462463530.972229,0.013641,-0.416290,-0.853546,-0.215314,0.189970,1.546252,-0.209811,-0.188829,-0.959335,0.055514,-0.163847,0.069198,0.513603,1.062747,-0.121584,237.720154,238.816864,10.000000,28.709472,77.206379,10.000000,98.085938,0.710000,197.503723
462463531.005626,-0.128128,-0.236511,-0.911240,-0.191702,0.217050,1.547077,-0.186060,-0.215350,-0.958648,0.162027,-0.133009,0.087875,1.030284,0.535788,-0.005021,237.168488,238.265198,10.000000,28.709472,77.206379,10.000000,98.085938,0.710000,197.503723
462463531.038742,-0.066483,-0.267990,-0.906998,-0.179443,0.250865,1.559722,-0.172895,-0.248242,-0.953144,0.067288,0.015057,0.039844,1.054178,0.320021,0.280359,237.159760,238.256470,10.000000,28.709472,77.206379,10.000000,98.085938,0.710000,197.503723
462463531.072256,-0.036911,-0.357407,-0.690155,-0.185692,0.278512,1.581889,-0.177513,-0.274925,-0.944937,0.176643,-0.083565,0.130255,0.958534,-0.245180,0.751311,236.294281,237.390991,10.000000,28.709472,77.206379,10.000000,98.085938,0.710000,197.503723
462463531.105707,0.060364,-0.396271,-0.727753,-0.210913,0.305294,1.627590,-0.199672,-0.300574,-0.932623,0.164486,-0.041894,0.258139,1.179051,-0.377913,1.347254,235.257919,236.354630,10.000000,28.709472,77.206379,10.000000,98.085938,0.710000,197.503723
462463531.139274,-0.153763,-0.340393,-0.641617,-0.241492,0.334084,1.677895,-0.225929,-0.327904,-0.917298,0.275810,-0.071907,0.215317,1.185227,-0.589956,1.177390,232.749176,233.845886,10.000000,28.709467,77.206389,10.000000,114.960938,1.060000,197.159424
462463531.172299,-0.145538,-0.360458,-0.684006,-0.301373,0.368805,1.756224,-0.276872,-0.360501,-0.890719,0.131334,0.000042,0.206714,1.009126,-0.562860,1.497863,229.949554,231.046265,10.000000,28.709467,77.206389,10.000000,114.960938,1.060000,197.159424
462463531.205643,-0.097473,-0.407104,-0.614777,-0.340106,0.388880,1.818319,-0.308680,-0.379152,-0.872330,0.178522,-0.008757,0.217072,1.311908,-0.510469,1.454514,228.695862,229.792572,10.000000,28.709467,77.206389,10.000000,114.960938,1.060000,197.159424
462463531.238960,-0.262604,-0.341675,-0.724014,-0.398539,0.399257,1.884301,-0.357550,-0.388734,-0.849143,0.219519,0.036210,0.224921,0.477446,-1.492477,1.845891,225.208099,226.304810,10.000000,28.709467,77.206389,10.000000,114.960938,1.060000,197.159424
462463531.272298,-0.159302,-0.377655,-0.748566,-0.485742,0.370023,1.937730,-0.435267,-0.361637,-0.824477,0.218195,0.009968,0.072066,-0.426812,-2.202283,1.686230,222.452637,223.549347,10.000000,28.709467,77.206389,10.000000,114.960938,1.060000,197.159424
462463531.305710,-0.465088,-0.315155,-0.505142,-0.563688,0.344218,1.982778,-0.502964,-0.337460,-0.795705,0.098881,0.064801,0.252493,0.406935,-1.809920,1.414186,219.487579,220.584290,10.000000,28.709467,77.206389,10.000000,114.960938,1.060000,197.159424
462463531.338966,-0.524734,-0.500015,-0.797150,-0.603763,0.336140,2.029567,-0.535971,-0.329846,-0.777134,0.011877,-0.080219,0.176289,0.508854,0.171725,1.210994,218.993668,220.090378,10.000000,28.709467,77.206389,10.000000,114.960938,1.060000,197.159424
462463531.372324,-0.591980,-0.534958,-0.276520,-0.589758,0.321356,2.069041,-0.527689,-0.315853,-0.788531,-0.023596,-0.228855,0.189547,0.061520,1.042528,1.191579,216.831787,217.928497,10.000000,28.709467,77.206389,10.000000,114.960938,1.060000,197.159424
462463531.405656,-0.588654,-0.678452,-0.495255,-0.559549,0.303504,2.101432,-0.506544,-0.298865,-0.808760,-0.080996,-0.357308,0.435545,-0.003849,1.588146,1.042893,213.644424,214.741135,10.000000,28.709467,77.206389,10.000000,114.960938,1.060000,197.159424
462463531.439016,-0.753448,-0.614044,-0.538147,-0.501724,0.283031,2.125278,-0.461803,-0.279267,-0.841872,-0.247364,-0.422027,0.343382,-0.439926,2.339442,0.947892,211.792297,212.889008,10.000000,28.709467,77.206389,10.000000,114.960938,1.060000,197.159424
462463531.472615,-0.774536,-0.482880,-0.689789,-0.414489,0.225509,2.148389,-0.392526,-0.223603,-0.892147,-0.378959,-0.330169,0.269344,-1.949535,3.198741,1.759853,208.425034,209.521744,10.000000,28.709467,77.206389,10.000000,114.960938,1.060000,197.159424
462463531.505600,-0.340546,-0.385971,-0.838516,-0.309940,0.155450,2.175575,-0.301324,-0.154825,-0.940868,-0.278678,-0.311316,0.234371,-1.292802,3.514785,1.071175,204.987976,206.084686,10.000000,28.709467,77.206389,10.000000,114.960938,1.060000,197.159424
462463531.539037,-0.472885,-0.047363,-1.259186,-0.211429,0.133184,2.186335,-0.207998,-0.132791,-0.969073,-0.103296,-0.132392,0.006335,-0.579694,2.727566,0.430518,203.232407,204.329117,10.000000,28.709467,77.206389,10.000000,114.960938,1.060000,197.159424
462463531.572370,-0.182419,-0.175354,-1.207733,-0.126038,0.112710,2.195722,-0.124907,-0.112472,-0.985773,-0.236635,-0.003205,-0.232657,-0.480084,2.742866,0.393306,200.966125,202.062836,10.000000,28.709467,77.206389,10.000000,114.960938,1.060000,197.159424
462463531.605656,-0.152954,-0.262070,-1.296280,-0.050287,0.096727,2.208591,-0.050031,-0.096576,-0.994067,-0.090106,-0.108121,-0.113660,-0.521164,2.173583,0.387685,199.970490,201.067200,10.000000,28.709467,77.206389,10.000000,114.960938,1.060000,197.159424
462463531.638979,-0.133926,-0.178040,-1.074493,0.020377,0.078157,2.220282,0.020314,-0.078078,-0.996740,-0.142140,-0.188875,-0.230539,-0.458750,2.354512,0.535203,199.259766,200.356476,10.000000,28.709467,77.206389,10.000000,114.960938,1.060000,197.159424
462463531.672197,0.021683,-0.267975,-1.159698,0.085629,0.076172,2.257249,0.085276,-0.076098,-0.993447,-0.219202,-0.101942,-0.081046,0.002216,1.824026,1.531017,197.061707,198.158417,10.000000,28.709467,77.206389,10.000000,114.960938,1.060000,197.159424
462463531.705535,0.207672,-0.349838,-1.048096,0.127485,0.078422,2.309145,0.126749,-0.078342,-0.988836,0.098303,-0.306104,-0.182276,-0.082683,1.268211,1.483445,193.749664,194.846375,10.000000,28.709467,77.206389,10.000000,114.960938,1.060000,197.159424
462463531.738866,0.020187,-0.260147,-0.974609,0.159320,0.089802,2.352806,0.158008,-0.089682,-0.983357,0.008725,-0.212504,-0.014476,0.315754,1.006217,1.480561,191.006104,192.102814,10.000000,28.709467,77.206389,10.000000,114.960938,1.060000,197.159424
462463531.772182,0.113235,-0.306473,-0.823013,0.182461,0.113609,2.406757,0.180281,-0.113364,-0.977061,-0.160093,-0.146783,0.002451,0.473412,0.849522,1.906678,189.071533,190.168243,10.000000,28.709467,77.206389,10.000000,114.960938,1.060000,197.159424
462463531.805734,0.075470,-0.296585,-0.755356,0.200172,0.139756,2.469218,0.196899,-0.139302,-0.970477,-0.083664,-0.167171,0.147464,0.313661,0.609414,2.077434,184.709549,185.806259,10.000000,28.709467,77.206389,10.000000,114.960938,1.060000,197.159424
462463531.838873,0.081696,-0.365677,-0.634628,0.197106,0.157285,2.584227,0.193415,-0.156637,-0.968533,-0.121043,-0.197824,0.211468,-0.331585,0.129886,2.723897,180.850586,181.947296,10.000000,28.709467,77.206389,10.000000,114.960938,1.060000,197.159424
462463531.872203,0.187271,-0.376541,-0.782471,0.187788,0.149810,2.674464,0.184595,-0.149250,-0.971416,-0.021341,-0.240429,0.252666,-1.161825,0.292307,2.563430,178.188080,179.284790,10.000000,28.709467,77.206389,10.000000,114.960938,1.060000,197.159424
462463531.905537,0.049194,-0.341415,-0.908981,0.175251,0.107754,2.768221,0.173344,-0.107546,-0.978972,-0.055318,-0.235823,0.145399,-2.188914,-0.403515,2.612367,173.053436,174.150146,10.000000,28.709467,77.206389,10.000000,114.960938,1.060000,197.159424
462463531.938869,0.120010,-0.127640,-1.005661,0.153272,0.078562,2.856227,0.152202,-0.078481,-0.985229,-0.013622,-0.245631,-0.010331,-0.414557,-0.295000,2.604105,166.963562,168.060272,10.000000,28.709467,77.206389,10.000000,114.960938,1.060000,197.159424
462463531.972205,0.237106,0.191589,-1.542435,0.143588,0.094800,2.951273,0.142452,-0.094658,-0.985265,-0.075848,0.098503,-0.129496,-0.177408,-0.007443,2.870239,164.736542,165.833252,10.000000,28.709467,77.206389,10.000000,114.960938,1.060000,197.159424
462463532.005537,0.209625,0.344513,-1.329971,0.125282,0.089400,3.011837,0.124456,-0.089281,-0.988200,0.203334,0.326678,-0.438039,-0.190869,-0.557398,1.037032,158.690125,159.786835,10.000000,28.709467,77.206389,10.000000,114.960938,1.060000,197.159424
462463532.038896,-0.380417,0.435608,-1.464645,0.101987,0.102848,3.029879,0.101272,-0.102667,-0.989547,-0.299255,0.566519,-0.370972,0.582284,-0.703547,0.535645,155.617783,156.714493,10.000000,28.709467,77.206389,10.000000,114.960938,1.060000,197.159424
462463532.072220,-0.076538,-0.021851,-1.197296,0.085026,0.128398,3.051046,0.084225,-0.128045,-0.988186,-0.381237,0.487298,-0.454792,0.824091,-0.240378,0.826905,154.788742,155.885452,10.000000,28.709467,77.206389,10.000000,114.960938,1.060000,197.159424
462463532.105595,-0.096542,-0.190109,-1.117706,0.070128,0.153943,3.082900,0.069242,-0.153336,-0.985745,-0.145780,0.131485,-0.211551,0.558362,-0.491427,1.377610,152.724747,153.821457,10.000000,28.709467,77.206389,10.000000,114.960938,1.060000,197.159424
462463532.139233,-0.087784,-0.336838,-1.032516,0.050410,0.168667,-3.134850,0.049674,-0.167868,-0.984557,-0.225150,-0.054147,-0.094453,-0.002201,0.082254,2.361934,149.243820,150.340530,10.000000,28.709467,77.206389,10.000000,114.960938,1.060000,197.159424
462463532.172217,-0.148529,-0.323730,-1.006607,0.043696,0.147238,-3.004267,0.043210,-0.146707,-0.988236,-0.215832,-0.232627,-0.011291,-0.368126,0.173840,2.648592,146.534256,147.630966,10.000000,28.709455,77.206402,10.000000,132.539062,1.650000,196.973999
462463532.205540,-0.131821,-0.236588,-1.048660,0.021870,0.157569,-2.924701,0.021597,-0.156918,-0.987375,-0.153418,-0.079669,-0.061285,0.417106,-0.614452,2.326941,140.727722,141.824432,10.000000,28.709455,77.206402,10.000000,132.539062,1.650000,196.973999
462463532.238872,-0.166565,0.004929,-1.219177,-0.010248,0.163945,-2.856975,-0.010110,-0.163211,-0.986539,-0.181952,0.120075,-0.281558,0.111162,-0.656474,1.795528,135.620499,136.717209,10.000000,28.709455,77.206402,10.000000,132.539062,1.650000,196.973999
462463532.272212,-0.113754,0.048004,-1.023773,-0.025368,0.167550,-2.832641,-0.025010,-0.166767,-0.985679,-0.099639,0.202488,-0.114739,0.329264,-0.720160,1.326898,133.267822,134.364532,10.000000,28.709455,77.206402,10.000000,132.539062,1.650000,196.973999
462463532.305550,-0.201035,0.111160,-1.038925,-0.060233,0.195974,-2.790993,-0.059044,-0.194722,-0.979080,-0.141990,0.305883,-0.059845,0.793909,-0.091195,0.478702,130.097458,131.194168,10.000000,28.709455,77.206402,10.000000,132.539062,1.650000,196.973999
462463532.338850,-0.071854,-0.013382,-0.809631,-0.055538,0.222413,-2.777826,-0.054142,-0.220584,-0.973864,-0.023602,0.254825,0.134081,0.852188,0.351905,0.314909,129.043396,130.140106,10.000000,28.709455,77.206402,10.000000,132.539062,1.650000,196.973999
462463532.372200,-0.072662,-0.303970,-0.745239,-0.047864,0.242718,-2.771444,-0.046444,-0.240341,-0.969577,-0.015522,0.067307,0.154269,0.443698,0.234340,0.022591,127.848076,128.944778,10.000000,28.709455,77.206402,10.000000,132.539062,1.650000,196.973999
462463532.405575,-0.160019,-0.253326,-0.676727,-0.047639,0.251313,-2.762804,-0.046125,-0.248676,-0.967488,-0.059893,-0.011532,0.256398,0.153160,-0.176544,0.499057,127.827446,128.924149,10.000000,28.709455,77.206402,10.000000,132.539062,1.650000,196.973999
462463532.438848,0.046036,-0.362473,-0.780807,-0.074931,0.246496,-2.745835,-0.072598,-0.244007,-0.967052,0.042080,-0.069805,0.218914,-0.199152,-0.975126,0.495782,126.823845,127.920555,10.000000,28.709455,77.206402,10.000000,132.539062,1.650000,196.973999
462463532.472203,-0.163376,-0.168091,-0.738129,-0.106897,0.245533,-2.729778,-0.103494,-0.243074,-0.964471,0.018914,0.016282,0.213861,0.016524,-0.978694,0.470625,126.022263,127.118973,10.000000,28.709455,77.206402,10.000000,132.539062,1.650000,196.973999
462463532.505567,-0.161163,-0.099548,-0.829300,-0.154992,0.227672,-2.720164,-0.150388,-0.225710,-0.962517,-0.018877,0.100405,0.192970,-1.100887,-1.762516,0.289331,125.322266,126.418976,10.000000,28.709455,77.206402,10.000000,132.539062,1.650000,196.973999
462463532.538606,-0.246826,-0.021194,-0.786133,-0.238239,0.172066,-2.728506,-0.232507,-0.171218,-0.957405,0.022591,0.136459,0.155998,-1.746757,-3.032459,-0.199502,125.411697,126.508408,10.000000,28.709455,77.206402,10.000000,132.539062,1.650000,196.973999
462463532.572238,-0.598160,0.108887,-0.869324,-0.299125,0.148847,-2.746218,-0.291426,-0.148298,-0.945029,0.009367,0.206205,0.095282,-0.159896,-1.221193,-0.257884,126.695274,127.791985,10.000000,28.709455,77.206402,10.000000,132.539062,1.650000,196.973999
462463532.605569,-0.420013,0.000885,-1.071106,-0.313382,0.175479,-2.753364,-0.303544,-0.174580,-0.936687,-0.227569,0.267048,0.075817,1.099068,-0.066204,-0.757542,126.839630,127.936340,10.000000,28.709455,77.206402,10.000000,132.539062,1.650000,196.973999
462463532.638983,-0.655899,-0.018219,-0.938568,-0.319481,0.203372,-2.776009,-0.307601,-0.201973,-0.929832,-0.112412,0.202858,-0.141273,0.076793,-0.495879,-0.956278,127.435677,128.532379,10.000000,28.709455,77.206402,10.000000,132.539062,1.650000,196.973999
462463532.672267,-0.600754,-0.210205,-0.720978,-0.315670,0.209801,-2.814296,-0.303646,-0.208266,-0.929744,-0.340504,0.147429,0.043407,-0.050463,0.496338,-1.399028,130.024109,131.120819,10.000000,28.709455,77.206402,10.000000,132.539062,1.650000,196.973999
462463532.705224,-0.593018,-0.233658,-0.906998,-0.271206,0.235770,-2.852066,-0.260483,-0.233592,-0.936794,-0.380738,0.025630,0.140408,0.476869,1.066524,-1.050530,131.065033,132.161743,10.000000,28.709455,77.206402,10.000000,132.539062,1.650000,196.973999
462463532.738875,-0.317184,-0.419876,-0.848740,-0.245109,0.250337,-2.879210,-0.235099,-0.247730,-0.939872,-0.357919,0.014072,0.032874,0.016226,0.448595,-0.873429,132.591629,133.688339,10.000000,28.709455,77.206402,10.000000,132.539062,1.650000,196.973999
462463532.772163,-0.477127,-0.330002,-0.807434,-0.210624,0.236071,-2.906748,-0.203272,-0.233884,-0.950778,-0.136938,-0.190798,0.129275,-1.064710,1.392011,-0.482381,133.888428,134.985138,10.000000,28.709455,77.206402,10.000000,132.539062,1.650000,196.973999
462463532.805665,0.010437,-0.292953,-1.032394,-0.145987,0.207647,-2.900266,-0.142344,-0.206158,-0.968110,-0.334783,-0.123844,0.160676,-0.434766,2.260946,0.944871,133.929718,135.026428,10.000000,28.709455,77.206402,10.000000,132.539062,1.650000,196.973999
462463532.838801,0.072113,-0.188538,-1.169296,-0.083791,0.186494,-2.854147,-0.082242,-0.185415,-0.979213,0.158795,-0.100443,-0.185323,-0.768829,0.819608,0.341785,132.899170,133.995880,10.000000,28.709455,77.206402,10.000000,132.539062,1.650000,196.973999
462463532.872132,-0.322540,0.160965,-1.055161,-0.056025,0.152882,-2.859045,-0.055342,-0.152288,-0.986786,-0.230531,0.243276,-0.075898,-0.883052,1.000392,-0.131821,131.777252,132.873962,10.000000,28.709455,77.206402,10.000000,132.539062,1.650000,196.973999
462463532.905429,0.020798,-0.016373,-1.185364,-0.010045,0.162393,-2.863159,-0.009912,-0.161681,-0.986793,-0.154593,0.267409,-0.035271,1.040585,1.707902,-0.211830,132.148682,133.245392,10.000000,28.709455,77.206402,10.000000,132.539062,1.650000,196.973999
462463532.938810,-0.087616,0.004654,-1.301849,0.042940,0.184622,-2.874208,0.042197,-0.183575,-0.982100,-0.061774,0.153897,-0.301012,0.094756,1.128188,-0.404827,131.446671,132.543381,10.000000,28.709455,77.206402,10.000000,132.539062,1.650000,196.973999
462463532.972134,-0.066956,0.123886,-0.998901,0.054235,0.176543,-2.899677,0.053366,-0.175628,-0.983009,-0.200751,0.275359,-0.145516,-0.018094,-0.299430,-1.233284,132.326813,133.423523,10.000000,28.709455,77.206402,10.000000,132.539062,1.650000,196.973999
462463533.005471,-0.266922,0.087219,-1.116791,0.044104,0.193315,-2.962263,0.043269,-0.192114,-0.980418,-0.175379,0.293874,-0.035878,0.906906,-0.874298,-2.133068,135.606934,136.703644,10.000000,28.709455,77.206402,10.000000,132.539062,1.650000,196.973999
462463533.038804,-0.190521,0.087662,-1.092972,0.026262,0.212818,-3.012612,0.025667,-0.211215,-0.977102,-0.278596,0.300800,-0.143762,0.552641,-0.729817,-0.917185,137.135315,138.232025,10.000000,28.709455,77.206402,10.000000,132.539062,1.650000,196.973999
462463533.072138,0.223145,-0.094101,-0.889542,0.025112,0.245972,-3.042139,0.024353,-0.243499,-0.969595,0.074875,0.265045,0.041357,1.402899,0.082251,-1.177425,140.819199,141.915909,10.000000,28.709455,77.206402,10.000000,132.539062,1.650000,196.973999
462463533.105488,-0.310867,-0.046066,-0.799347,0.031529,0.276561,-3.094013,0.030326,-0.273049,-0.961522,0.051522,0.142388,0.083562,0.530754,-0.740339,-1.512622,142.822769,143.919479,10.000000,28.709455,77.206402,10.000000,132.539062,1.650000,196.973999
462463533.139180,-0.146683,-0.117859,-0.746155,0.011533,0.284147,-3.127938,0.011070,-0.280339,-0.959837,-0.259086,0.210164,0.202757,0.264351,-0.744015,-0.610579,144.219299,145.316010,10.000000,28.709455,77.206402,10.000000,132.539062,1.650000,196.973999
462463533.172227,-0.115921,-0.241928,-0.792709,0.016638,0.294051,-3.127860,0.015923,-0.289832,-0.956945,-0.131844,0.047904,0.164236,0.421184,0.936918,0.121749,145.694077,146.790787,10.000000,28.709440,77.206409,10.000000,145.195312,1.430000,196.882141
462463533.205497,-0.331161,-0.323883,-0.895676,0.065388,0.308680,-3.136996,0.062253,-0.303801,-0.950699,-0.264722,-0.061509,0.124726,0.378116,1.445604,-0.475363,145.920944,147.017654,10.000000,28.709440,77.206409,10.000000,145.195312,1.430000,196.882141
462463533.238825,-0.290009,-0.293106,-1.137497,0.110520,0.310105,3.135319,0.105034,-0.305159,-0.946491,-0.550697,0.065977,-0.095058,-0.207240,1.302585,0.041321,146.005310,147.102020,10.000000,28.709440,77.206409,10.000000,145.195312,1.430000,196.882141
462463533.272166,-0.042435,-0.398407,-1.149841,0.129415,0.305139,-3.138519,0.123092,-0.300426,-0.945829,-0.413100,0.007320,-0.191668,-0.420825,1.381099,0.756285,145.822281,146.918991,10.000000,28.709440,77.206409,10.000000,145.195312,1.430000,196.882141
462463533.305507,0.194168,-0.311310,-1.363602,0.196208,0.313263,-3.092485,0.185463,-0.308165,-0.933080,0.009544,-0.035051,-0.384791,0.501671,1.464149,0.324517,143.799179,144.895889,10.000000,28.709440,77.206409,10.000000,145.195312,1.430000,196.882141
462463533.338839,-0.228714,-0.101486,-1.527603,0.231443,0.324840,-3.100533,0.217386,-0.319157,-0.922433,-0.289087,0.108540,-0.547416,0.166188,0.730115,-0.203885,143.093109,144.189819,10.000000,28.709440,77.206409,10.000000,145.195312,1.430000,196.882141
462463533.372171,-0.176926,-0.078629,-1.327805,0.235674,0.340438,-3.092599,0.220098,-0.333900,-0.916552,-0.442891,0.275139,-0.503767,0.908612,-0.052411,0.492803,141.442688,142.539398,10.000000,28.709440,77.206409,10.000000,145.195312,1.430000,196.882141
462463533.405509,-0.068848,-0.344360,-1.372528,0.238501,0.359115,-3.098190,0.221176,-0.351446,-0.909707,-0.312927,0.195226,-0.388266,1.290623,0.123838,-0.399095,141.683670,142.780380,10.000000,28.709440,77.206409,10.000000,145.195312,1.430000,196.882141
462463533.438912,-0.257324,-0.107635,-1.127838,0.265138,0.389916,3.103018,0.242374,-0.380111,-0.892620,-0.670261,0.249526,-0.216480,0.889169,0.198078,-1.069039,142.543182,143.639893,10.000000,28.709440,77.206409,10.000000,145.195312,1.430000,196.882141
462463533.472283,0.276688,-0.338852,-0.990952,0.295301,0.389139,3.088254,0.269269,-0.379392,-0.885187,-0.252225,0.170712,-0.246710,0.028234,0.683489,-0.092231,144.918854,146.015564,10.000000,28.709440,77.206409,10.000000,145.195312,1.430000,196.882141
462463533.505585,0.478760,-0.455292,-0.783661,0.316679,0.409824,3.076976,0.285625,-0.398448,-0.871584,0.275807,-0.139562,0.311159,0.671550,0.076148,-0.206926,146.257858,147.354568,10.000000,28.709440,77.206409,10.000000,145.195312,1.430000,196.882141
462463533.539017,0.244675,-0.244339,-0.625916,0.323025,0.421714,3.060171,0.289625,-0.409324,-0.865200,0.054399,0.000160,-0.165837,0.626467,0.023062,-0.301903,146.257629,147.354340,10.000000,28.709440,77.206409,10.000000,145.195312,1.430000,196.882141
462463533.572282,0.229523,-0.291931,-0.683838,0.325894,0.444357,3.059581,0.289065,-0.429878,-0.855363,-0.077410,0.212577,0.269411,0.464794,-0.164713,0.460031,146.138992,147.235703,10.000000,28.709440,77.206409,10.000000,145.195312,1.430000,196.882141
462463533.605615,0.178024,-0.306458,-0.655655,0.311449,0.460741,3.070478,0.274484,-0.444612,-0.852630,0.062110,0.126619,0.102554,0.458986,-0.389440,0.429286,145.964844,147.061554,10.000000,28.709440,77.206409,10.000000,145.195312,1.430000,196.882141
462463533.638953,-0.049347,-0.231308,-0.758881,0.278534,0.485366,3.083925,0.243191,-0.466532,-0.850415,-0.181317,0.216959,0.239377,0.758269,-1.145624,0.639193,145.682495,146.779205,10.000000,28.709440,77.206409,10.000000,145.195312,1.430000,196.882141
462463533.672281,-0.094391,-0.226318,-0.786133,0.227661,0.510614,3.098617,0.196910,-0.488713,-0.849933,-0.246257,0.257405,0.091052,0.441174,-1.669972,0.543172,144.790588,145.887299,10.000000,28.709440,77.206409,10.000000,145.195312,1.430000,196.882141
462463533.705608,-0.178497,-0.229050,-0.693192,0.155055,0.522346,3.117714,0.133840,-0.498914,-0.856254,-0.288122,0.254789,0.141426,0.309767,-1.902151,0.616464,144.317780,145.414490,10.000000,28.709440,77.206409,10.000000,145.195312,1.430000,196.882141
462463533.738937,-0.363510,-0.278046,-0.851273,0.103876,0.538569,-3.138559,0.089011,-0.512908,-0.853817,-0.298240,0.302352,0.120311,0.405713,-0.445661,0.875971,144.158829,145.255539,10.000000,28.709440,77.206409,10.000000,145.195312,1.430000,196.882141
462463533.772275,-0.389191,-0.381943,-0.721786,0.126357,0.556051,3.137849,0.107036,-0.527836,-0.842575,-0.470546,0.249791,-0.008698,0.903772,1.257750,-1.178306,144.275269,145.371979,10.000000,28.709440,77.206409,10.000000,145.195312,1.430000,196.882141
462463533.805934,-0.700455,-0.267197,-0.839127,0.210413,0.567203,3.069141,0.176157,-0.537275,-0.824805,-0.698847,0.194441,0.150306,-0.071373,1.085308,-1.651312,145.486862,146.583572,10.000000,28.709440,77.206409,10.000000,145.195312,1.430000,196.882141
462463533.839010,0.440063,-0.805679,-0.819748,0.283280,0.531472,3.015918,0.240952,-0.506802,-0.827704,-0.268296,-0.074008,-0.005945,-0.582073,1.170830,-1.022871,147.514816,148.611526,10.000000,28.709440,77.206409,10.000000,145.195312,1.430000,196.882141
462463533.872192,0.416733,-0.791794,-0.888397,0.308763,0.497318,3.007879,0.267070,-0.477070,-0.837304,0.149663,-0.314724,-0.051093,-1.261187,-0.140426,0.106213,148.212433,149.309143,10.000000,28.709440,77.206409,10.000000,145.195312,1.430000,196.882141
462463533.905605,0.857559,-0.839310,-1.041611,0.275597,0.457972,3.036333,0.244079,-0.442130,-0.863103,0.460495,-0.338845,-0.143428,-1.475973,-0.776398,0.326725,148.813034,149.909744,10.000000,28.709440,77.206409,10.000000,145.195312,1.430000,196.882141
462463533.938937,0.358551,-0.538269,-0.971039,0.237665,0.407732,3.058210,0.216134,-0.396528,-0.892217,0.351875,-0.334658,-0.029642,-1.697701,-0.859972,0.345384,149.205078,150.301788,10.000000,28.709440,77.206409,10.000000,145.195312,1.430000,196.882141
462463533.972265,0.528748,-0.365799,-1.074310,0.221161,0.381295,3.096432,0.203609,-0.372123,-0.905576,0.186329,-0.063927,-0.159243,-0.627153,0.559458,1.142202,149.162033,150.258743,10.000000,28.709440,77.206409,10.000000,145.195312,1.430000,196.882141
462463534.005571,0.231979,-0.289703,-1.091080,0.207407,0.354957,3.134298,0.193086,-0.347550,-0.917565,0.212904,0.025071,-0.169120,-1.336705,-0.790413,0.571936,146.910309,148.007019,10.000000,28.709440,77.206409,10.000000,145.195312,1.430000,196.882141
462463534.038641,-0.281921,-0.081848,-1.035568,0.164533,0.322169,-3.136370,0.155365,-0.316625,-0.935741,-0.192322,0.222722,-0.147755,-0.681098,-1.058532,-0.113359,146.377991,147.474701,10.000000,28.709440,77.206409,10.000000,145.195312,1.430000,196.882141
462463534.072220,-0.381149,-0.029297,-0.965714,0.162567,0.311951,3.138983,0.154041,-0.306916,-0.939188,-0.454532,0.190308,-0.066992,-0.215986,0.304290,-0.294187,146.607544,147.704254,10.000000,28.709440,77.206409,10.000000,145.195312,1.430000,196.882141
462463534.105528,-0.385437,-0.118835,-0.984390,0.182924,0.305005,3.137406,0.173510,-0.300298,-0.937932,-0.554660,0.271001,-0.027782,-0.239570,0.712398,0.032194,147.229889,148.326599,10.000000,28.709440,77.206409,10.000000,145.195312,1.430000,196.882141
462463534.138865,-0.329819,-0.171158,-0.797806,0.186370,0.289215,3.135515,0.177597,-0.285200,-0.941871,-0.449768,0.085706,0.113822,-0.602991,-0.549200,-0.267900,149.003128,150.099838,10.000000,28.709440,77.206409,10.000000,145.195312,1.430000,196.882141
462463534.172164,-0.008804,-0.083603,-0.701935,0.173293,0.264402,-3.140255,0.166435,-0.261332,-0.950792,-0.329140,0.175700,0.128297,-0.276341,0.246307,0.273244,149.733627,150.830338,10.000000,28.709435,77.206413,10.000000,149.765625,0.390000,196.782166
462463534.205531,0.056427,-0.255707,-0.734131,0.189149,0.265304,-3.135397,0.181444,-0.262202,-0.947802,-0.125017,0.006495,0.213671,0.335153,0.578861,-0.123126,149.656631,150.753342,10.000000,28.709435,77.206413,10.000000,149.765625,0.390000,196.782166
462463534.238824,-0.009293,-0.157883,-0.689072,0.206372,0.291570,-3.134396,0.196261,-0.287456,-0.937470,-0.167148,0.077266,0.238465,0.933315,0.253910,0.644763,148.980240,150.076950,10.000000,28.709435,77.206413,10.000000,149.765625,0.390000,196.782166
462463534.272156,0.182892,-0.421967,-0.791626,0.201826,0.312210,-3.113504,0.190768,-0.307163,-0.932341,-0.107958,-0.008176,0.083067,0.188563,0.341931,0.639414,147.687500,148.784210,10.000000,28.709435,77.206413,10.000000,149.765625,0.390000,196.782166
462463534.305554,0.149597,-0.112350,-0.781769,0.181736,0.335898,-3.054482,0.170636,-0.329617,-0.928567,-0.021039,0.217266,0.146798,0.229115,-0.157589,3.133563,146.686661,147.783371,10.000000,28.709435,77.206413,10.000000,149.765625,0.390000,196.782166
462463534.338874,0.275696,-0.453949,-1.003891,0.169183,0.339853,-2.984638,0.158746,-0.333349,-0.929343,-0.018106,0.060323,-0.228464,0.038799,0.571590,0.770185,146.436752,147.533463,10.000000,28.709435,77.206413,10.000000,149.765625,0.390000,196.782166
462463534.372200,-0.844345,0.233551,-1.328232,0.157019,0.352648,-2.983894,0.146751,-0.345384,-0.926916,-0.562508,0.075106,0.144507,-0.155217,-1.020078,0.172107,143.808044,144.904755,10.000000,28.709435,77.206413,10.000000,149.765625,0.390000,196.782166
462463534.405624,-0.340088,-0.092194,-1.343262,0.137627,0.345207,-2.973645,0.129100,-0.338391,-0.932108,-0.973445,0.571942,-0.396124,-0.574148,-0.855757,0.699201,144.106033,145.202744,10.000000,28.709435,77.206413,10.000000,149.765625,0.390000,196.782166
462463534.438951,0.053345,-0.577240,-1.297852,0.133773,0.364275,-2.949461,0.124623,-0.356272,-0.926034,-0.203816,0.088526,-0.188483,1.068366,0.618974,0.637278,143.481293,144.578003,10.000000,28.709435,77.206413,10.000000,149.765625,0.390000,196.782166
462463534.472279,0.183395,-0.406082,-1.280701,0.115725,0.377709,-2.927881,0.107328,-0.368792,-0.923295,0.007632,-0.112791,-0.500900,0.092915,-0.921860,0.608576,141.768906,142.865616,10.000000,28.709435,77.206413,10.000000,149.765625,0.390000,196.782166
462463534.505565,0.335571,-0.468094,-1.366196,0.069868,0.382546,-2.878173,0.064765,-0.373283,-0.925454,0.299951,-0.103416,-0.447684,-0.162342,-0.793414,2.340228,140.729126,141.825836,10.000000,28.709435,77.206413,10.000000,149.765625,0.390000,196.782166
462463534.538943,0.731537,-0.552490,-1.357712,0.043230,0.397786,-2.797457,0.039842,-0.387378,-0.921059,0.088972,-0.100735,-0.405677,0.932288,1.048209,2.039877,137.775070,138.871780,10.000000,28.709435,77.206413,10.000000,149.765625,0.390000,196.782166
462463534.572278,0.004044,-0.101807,-1.213608,0.072726,0.449286,-2.735485,0.065451,-0.434322,-0.898377,0.037149,0.084316,-0.399811,1.782839,1.672258,1.733932,132.865082,133.961792,10.000000,28.709435,77.206413,10.000000,149.765625,0.390000,196.782166
462463534.605544,0.004196,-0.076126,-0.977432,0.083108,0.497870,-2.682432,0.072935,-0.477555,-0.875569,0.080675,0.336762,-0.294749,0.747218,0.824363,1.348937,130.027435,131.124146,10.000000,28.709435,77.206413,10.000000,149.765625,0.390000,196.782166
462463534.639014,-0.221939,-0.054916,-0.770920,0.089350,0.493968,-2.647169,0.078565,-0.474124,-0.876946,-0.074368,0.397997,-0.100486,-0.675677,0.482638,0.743652,126.683464,127.780174,10.000000,28.709435,77.206413,10.000000,149.765625,0.390000,196.782166
462463534.672285,-0.041412,-0.070267,-0.916260,0.097865,0.466251,-2.633249,0.087279,-0.449540,-0.888986,-0.328765,0.466935,0.122262,-0.853862,0.801483,-0.119787,124.987648,126.084358,10.000000,28.709435,77.206413,10.000000,149.765625,0.390000,196.782166
462463534.705750,-0.126556,-0.054291,-0.845337,0.118560,0.449679,-2.642539,0.106524,-0.434676,-0.894265,-0.283663,0.374267,0.082222,-0.234067,-0.000125,-0.320568,124.985695,126.082405,10.000000,28.709435,77.206413,10.000000,149.765625,0.390000,196.782166
462463534.738948,-0.140335,-0.115433,-0.816711,0.105895,0.443558,-2.645682,0.095469,-0.429156,-0.898171,-0.222025,0.374865,0.052834,-0.502042,-0.865552,-0.134647,124.598381,125.695091,10.000000,28.709435,77.206413,10.000000,149.765625,0.390000,196.782166
462463534.772270,-0.111862,-0.378677,-0.715225,0.096392,0.430882,-2.645642,0.087446,-0.417672,-0.904380,-0.248854,0.209008,0.159248,0.236175,0.385974,-0.019473,125.846611,126.943321,10.000000,28.709435,77.206413,10.000000,149.765625,0.390000,196.782166
462463534.805756,0.024063,-0.276825,-0.760986,0.120668,0.446201,-2.639873,0.108589,-0.431542,-0.895533,-0.220452,0.052865,0.180308,0.537963,0.851535,0.310043,125.627884,126.724594,10.000000,28.709435,77.206413,10.000000,149.765625,0.390000,196.782166
462463534.838867,-0.070404,-0.268021,-0.835892,0.130480,0.480011,-2.622413,0.115407,-0.461789,-0.879450,-0.115987,0.167920,0.079203,0.350179,0.121899,0.707508,124.405823,125.502533,10.000000,28.709435,77.206413,10.000000,149.765625,0.390000,196.782166
462463534.872464,0.070862,-0.201263,-0.645905,0.133332,0.463914,-2.603704,0.118887,-0.447452,-0.886371,-0.043371,0.272571,0.227176,-1.350922,0.868715,0.092911,122.852753,123.949463,10.000000,28.709435,77.206413,10.000000,149.765625,0.390000,196.782166
462463534.905992,-0.133011,-0.092209,-0.640411,0.134428,0.417917,-2.605541,0.122489,-0.405857,-0.905691,-0.198844,0.252781,0.250586,-0.849912,-0.876997,-0.497199,122.499474,123.596184,10.000000,28.709435,77.206413,10.000000,149.765625,0.390000,196.782166
462463534.938936,0.022171,-0.140839,-0.835876,0.122863,0.432104,-2.636344,0.111289,-0.418783,-0.901241,-0.180076,0.297384,0.186840,1.113611,-0.171697,-0.957711,122.661278,123.757988,10.000000,28.709435,77.206413,10.000000,149.765625,0.390000,196.782166
462463534.972202,-0.067169,-0.283005,-0.712753,0.143873,0.469871,-2.672340,0.127839,-0.452772,-0.882414,-0.141190,0.232648,-0.041093,1.299155,0.128856,-0.826304,123.879585,124.976295,10.000000,28.709435,77.206413,10.000000,149.765625,0.390000,196.782166
462463535.005592,0.095123,-0.378601,-0.810379,0.167932,0.480538,-2.706976,0.148214,-0.462257,-0.874272,0.075907,0.152427,0.027028,-0.319016,0.403689,-0.831649,124.841400,125.938110,10.000000,28.709435,77.206413,10.000000,149.765625,0.390000,196.782166
462463535.038945,0.064636,-0.460587,-0.579376,0.184063,0.464524,-2.721863,0.163631,-0.447997,-0.878933,-0.111309,0.047560,0.214505,0.043463,0.263803,-0.304092,126.327873,127.424583,10.000000,28.709435,77.206413,10.000000,149.765625,0.390000,196.782166
462463535.072266,0.247040,-0.440582,-1.017349,0.193363,0.471051,-2.736912,0.171232,-0.453823,-0.874485,0.072695,-0.020359,0.103840,-0.127709,-0.203282,-0.355647,127.676826,128.773529,10.000000,28.709435,77.206413,10.000000,149.765625,0.390000,196.782166
462463535.105599,0.156021,-0.407181,-0.826935,0.178141,0.446045,-2.747750,0.159863,-0.431401,-0.887883,0.064899,0.031972,-0.164057,-0.642852,-0.705379,-0.361901,129.602493,130.699203,10.000000,28.709435,77.206413,10.000000,149.765625,0.390000,196.782166
462463535.139075,0.208313,-0.394241,-0.885315,0.168591,0.445864,-2.751622,0.151389,-0.431238,-0.889447,-0.000251,0.031518,0.087567,0.287246,-0.065649,0.020702,130.304840,131.401550,10.000000,28.709435,77.206413,10.000000,149.765625,0.390000,196.782166
462463535.172143,0.109833,-0.352676,-1.047318,0.150901,0.435086,-2.762480,0.136323,-0.421488,-0.896529,0.030730,0.031428,-0.185579,-0.532632,-0.881272,-0.343445,130.247818,131.344528,10.000000,28.709440,77.206405,10.000000,163.476562,0.400000,196.841248
462463535.204514,-0.057938,-0.271591,-0.997726,0.129693,0.423600,-2.769863,0.117899,-0.411045,-0.903959,-0.213434,0.112828,-0.080279,-0.272248,-0.577339,-0.205400,130.615387,131.712097,10.000000,28.709440,77.206405,10.000000,163.476562,0.400000,196.841248
462463535.238837,-0.075150,-0.296967,-1.065796,0.106537,0.405542,-2.767736,0.097711,-0.394517,-0.913679,-0.172860,0.097550,-0.152117,-0.781003,-0.736696,0.080227,130.458252,131.554962,10.000000,28.709440,77.206405,10.000000,163.476562,0.400000,196.841248
462463535.272148,-0.030121,-0.284943,-1.085052,0.094961,0.376211,-2.770743,0.088187,-0.367399,-0.925873,-0.128562,0.108687,-0.191101,-0.843505,-0.174073,-0.319926,130.312775,131.409485,10.000000,28.709440,77.206405,10.000000,163.476562,0.400000,196.841248
462463535.305484,-0.100586,-0.143845,-1.140915,0.098049,0.360303,-2.774873,0.091606,-0.352558,-0.931295,-0.266670,0.180470,-0.137491,-0.242357,0.190417,-0.046896,130.320465,131.417175,10.000000,28.709440,77.206405,10.000000,163.476562,0.400000,196.841248
462463535.338827,0.096466,-0.182037,-1.131973,0.107798,0.357882,-2.777306,0.100773,-0.350292,-0.931204,0.013134,0.170268,-0.235315,-0.173049,0.178128,-0.217048,130.824432,131.921143,10.000000,28.709440,77.206405,10.000000,163.476562,0.400000,196.841248
462463535.372149,0.005402,-0.104294,-1.126480,0.109693,0.353468,-2.784459,0.102705,-0.346154,-0.932539,-0.034529,0.187722,-0.202013,-0.074800,-0.078191,-0.103940,130.895859,131.992569,10.000000,28.709440,77.206405,10.000000,163.476562,0.400000,196.841248
462463535.405483,0.037949,-0.103531,-0.973450,0.110186,0.357588,-2.786839,0.103007,-0.350016,-0.931063,-0.121059,0.306666,-0.104002,0.236855,0.055714,-0.045551,130.932297,132.029007,10.000000,28.709440,77.206405,10.000000,163.476562,0.400000,196.841248
462463535.438849,-0.025299,-0.079758,-1.012115,0.110071,0.363420,-2.787264,0.102674,-0.355473,-0.929030,-0.158674,0.274067,-0.077775,0.080451,-0.133321,0.041760,131.681946,132.778656,10.000000,28.709440,77.206405,10.000000,163.476562,0.400000,196.841248
462463535.472154,-0.010284,-0.119980,-0.962662,0.105406,0.367128,-2.788844,0.098200,-0.358936,-0.928182,-0.119654,0.261372,-0.068141,0.224424,-0.016853,-0.085183,132.143738,133.240448,10.000000,28.709440,77.206405,10.000000,163.476562,0.400000,196.841248
462463535.505486,-0.074631,-0.151703,-0.900681,0.113096,0.378340,-2.793554,0.104874,-0.369378,-0.923342,-0.176301,0.210595,0.034777,0.419779,0.234095,-0.039829,132.363586,133.460297,10.000000,28.709440,77.206405,10.000000,163.476562,0.400000,196.841248
462463535.538801,-0.025009,-0.206039,-0.920593,0.117327,0.387322,-2.793743,0.108386,-0.377710,-0.919558,-0.171253,0.251932,-0.010984,0.175730,0.086769,-0.028026,132.036423,133.133133,10.000000,28.709440,77.206405,10.000000,163.476562,0.400000,196.841248
462463535.571439,-0.121826,-0.206116,-0.833496,0.124910,0.393882,-2.799607,0.115045,-0.383776,-0.916232,-0.172998,0.164248,0.048785,0.251336,0.169424,-0.111233,132.407700,133.504410,10.000000,28.709440,77.206405,10.000000,163.476562,0.400000,196.841248
462463535.605153,-0.015961,-0.224960,-0.973373,0.127957,0.395476,-2.802539,0.117758,-0.385247,-0.915269,-0.285834,0.207406,0.027528,-0.153605,-0.014156,-0.129579,132.058472,133.155182,10.000000,28.709440,77.206405,10.000000,163.476562,0.400000,196.841248
462463535.639134,-0.043533,-0.209930,-0.855865,0.126501,0.388399,-2.801684,0.116767,-0.378707,-0.918121,-0.126151,0.165862,0.022690,-0.205900,-0.115188,0.202876,132.346573,133.443283,10.000000,28.709440,77.206405,10.000000,163.476562,0.400000,196.841248
462463535.672142,0.093170,-0.227982,-1.001648,0.122755,0.390618,-2.799025,0.113224,-0.380760,-0.917716,-0.156757,0.170829,0.061850,-0.143832,0.146860,-0.076207,131.982666,133.079376,10.000000,28.709440,77.206405,10.000000,163.476562,0.400000,196.841248
